"","from","to","weight"
"1",1,5,8
"2",1,7,3
"3",1,18,3
"4",1,19,4
"5",1,20,2
"6",1,21,1
"7",1,22,2
"8",1,27,5
"9",1,33,5
"10",1,42,6
"11",1,44,5
"12",1,46,6
"13",1,47,4
"14",1,49,3
"15",1,60,4
"16",1,65,3
"17",1,67,3
"18",1,69,6
"19",1,70,5
"20",1,73,5
"21",1,76,1
"22",1,93,4
"23",1,96,2
"24",1,97,3
"25",1,100,2
"26",1,107,3
"27",1,111,6
"28",1,2,6
"29",1,10,5
"30",1,12,5
"31",1,16,8
"32",1,79,5
"33",1,81,5
"34",1,82,4
"35",1,85,3
"36",1,99,3
"37",1,3,2
"38",1,8,5
"39",1,9,5
"40",1,34,3
"41",1,62,1
"42",1,63,5
"43",1,71,5
"44",1,75,3
"45",1,83,4
"46",1,30,4
"47",1,64,2
"48",1,90,1
"49",1,4,4
"50",1,23,3
"51",1,52,3
"52",1,57,2
"53",1,74,4
"54",1,80,3
"55",1,92,2
"56",1,115,5
"57",1,6,4
"58",1,13,1
"59",1,28,1
"60",1,35,1
"61",1,38,2
"62",1,39,2
"63",1,41,4
"64",1,48,3
"65",1,58,2
"66",1,78,3
"67",1,87,3
"68",1,109,2
"69",1,110,4
"70",1,114,4
"71",1,118,1
"72",1,24,2
"73",1,25,3
"74",1,26,2
"75",1,36,2
"76",1,37,2
"77",1,40,1
"78",1,45,2
"79",1,51,2
"80",1,53,3
"81",1,54,1
"82",1,55,1
"83",1,56,2
"84",1,72,2
"85",1,77,1
"86",1,84,1
"87",1,88,1
"88",1,95,1
"89",1,102,3
"90",1,104,1
"91",1,116,1
"92",1,29,1
"93",1,94,1
"94",1,59,1
"95",1,103,1
"96",1,14,1
"97",1,17,2
"98",1,66,1
"99",1,11,1
"100",1,32,1
"101",1,68,1
"102",1,105,1
"103",2,5,5
"104",2,10,3
"105",2,12,3
"106",2,16,6
"107",2,46,5
"108",2,79,4
"109",2,81,3
"110",2,82,3
"111",2,85,3
"112",2,99,2
"113",2,111,4
"114",2,3,1
"115",2,8,3
"116",2,9,2
"117",2,34,3
"118",2,62,1
"119",2,63,3
"120",2,71,3
"121",2,73,3
"122",2,75,3
"123",2,83,4
"124",2,4,3
"125",2,23,3
"126",2,27,3
"127",2,42,4
"128",2,52,2
"129",2,57,2
"130",2,69,3
"131",2,74,3
"132",2,80,3
"133",2,92,2
"134",2,115,4
"135",2,6,4
"136",2,7,2
"137",2,18,2
"138",2,19,3
"139",2,24,2
"140",2,25,2
"141",2,26,2
"142",2,30,2
"143",2,33,3
"144",2,36,2
"145",2,37,2
"146",2,38,1
"147",2,39,1
"148",2,40,1
"149",2,41,2
"150",2,44,2
"151",2,45,2
"152",2,48,2
"153",2,49,2
"154",2,51,2
"155",2,53,2
"156",2,54,1
"157",2,55,1
"158",2,56,2
"159",2,64,2
"160",2,65,1
"161",2,70,2
"162",2,72,2
"163",2,77,1
"164",2,78,2
"165",2,84,1
"166",2,87,2
"167",2,88,1
"168",2,93,2
"169",2,95,1
"170",2,96,1
"171",2,97,2
"172",2,102,3
"173",2,104,1
"174",2,109,1
"175",2,110,2
"176",2,114,3
"177",2,116,1
"178",2,58,1
"179",2,59,1
"180",2,60,2
"181",2,67,2
"182",2,100,2
"183",2,103,1
"184",2,11,1
"185",2,17,1
"186",2,22,1
"187",2,32,1
"188",2,47,1
"189",2,68,1
"190",2,105,1
"191",2,107,1
"192",2,86,1
"193",3,5,2
"194",3,8,3
"195",3,9,2
"196",3,10,1
"197",3,34,2
"198",3,46,1
"199",3,62,1
"200",3,63,3
"201",3,71,2
"202",3,73,3
"203",3,75,2
"204",3,82,1
"205",3,83,1
"206",3,4,1
"207",3,6,1
"208",3,12,1
"209",3,13,1
"210",3,16,1
"211",3,19,2
"212",3,28,1
"213",3,30,1
"214",3,35,1
"215",3,38,1
"216",3,39,1
"217",3,41,1
"218",3,44,1
"219",3,48,1
"220",3,52,1
"221",3,58,1
"222",3,70,1
"223",3,78,1
"224",3,79,1
"225",3,81,1
"226",3,87,1
"227",3,93,1
"228",3,109,1
"229",3,110,1
"230",3,111,1
"231",3,114,1
"232",3,115,1
"233",3,118,1
"234",3,7,1
"235",3,32,1
"236",3,45,1
"237",3,60,1
"238",4,16,5
"239",4,23,2
"240",4,27,4
"241",4,34,3
"242",4,42,4
"243",4,46,3
"244",4,52,4
"245",4,57,2
"246",4,69,3
"247",4,74,3
"248",4,79,5
"249",4,80,3
"250",4,81,3
"251",4,92,2
"252",4,111,4
"253",4,115,4
"254",4,6,5
"255",4,8,3
"256",4,9,5
"257",4,12,3
"258",4,13,2
"259",4,19,4
"260",4,28,2
"261",4,30,4
"262",4,35,1
"263",4,38,2
"264",4,39,3
"265",4,41,3
"266",4,44,3
"267",4,48,3
"268",4,58,1
"269",4,63,2
"270",4,70,3
"271",4,71,3
"272",4,73,4
"273",4,75,3
"274",4,78,3
"275",4,87,4
"276",4,93,3
"277",4,109,2
"278",4,110,3
"279",4,114,4
"280",4,118,1
"281",4,5,5
"282",4,7,4
"283",4,10,2
"284",4,18,3
"285",4,24,2
"286",4,25,2
"287",4,26,2
"288",4,33,3
"289",4,36,2
"290",4,37,2
"291",4,40,1
"292",4,45,2
"293",4,49,3
"294",4,51,1
"295",4,53,2
"296",4,54,1
"297",4,55,1
"298",4,56,2
"299",4,64,1
"300",4,65,1
"301",4,72,2
"302",4,77,1
"303",4,83,2
"304",4,84,1
"305",4,85,1
"306",4,88,1
"307",4,95,1
"308",4,96,2
"309",4,97,3
"310",4,99,3
"311",4,102,3
"312",4,104,1
"313",4,116,1
"314",4,11,1
"315",4,17,2
"316",4,22,2
"317",4,32,3
"318",4,47,2
"319",4,60,1
"320",4,67,1
"321",4,68,2
"322",4,82,2
"323",4,105,2
"324",4,107,1
"325",4,59,1
"326",4,15,1
"327",4,76,1
"328",4,86,1
"329",4,89,1
"330",4,91,1
"331",4,101,1
"332",4,108,1
"333",4,113,1
"334",4,117,1
"335",5,7,5
"336",5,18,5
"337",5,19,6
"338",5,20,1
"339",5,21,1
"340",5,22,4
"341",5,27,4
"342",5,33,7
"343",5,42,7
"344",5,44,3
"345",5,46,8
"346",5,47,4
"347",5,49,4
"348",5,60,4
"349",5,65,3
"350",5,67,3
"351",5,69,3
"352",5,70,4
"353",5,73,7
"354",5,76,2
"355",5,93,4
"356",5,96,4
"357",5,97,5
"358",5,100,3
"359",5,107,3
"360",5,111,5
"361",5,10,5
"362",5,12,4
"363",5,16,7
"364",5,79,5
"365",5,81,3
"366",5,82,4
"367",5,85,3
"368",5,99,3
"369",5,8,6
"370",5,9,5
"371",5,34,4
"372",5,62,1
"373",5,63,4
"374",5,71,3
"375",5,75,3
"376",5,83,4
"377",5,64,2
"378",5,90,1
"379",5,6,4
"380",5,23,2
"381",5,24,2
"382",5,25,3
"383",5,26,2
"384",5,30,3
"385",5,36,2
"386",5,37,2
"387",5,38,1
"388",5,39,2
"389",5,40,1
"390",5,41,2
"391",5,45,4
"392",5,48,2
"393",5,51,2
"394",5,52,3
"395",5,53,2
"396",5,54,1
"397",5,55,1
"398",5,56,2
"399",5,57,1
"400",5,72,2
"401",5,74,3
"402",5,77,1
"403",5,78,3
"404",5,80,3
"405",5,84,1
"406",5,87,3
"407",5,88,1
"408",5,92,1
"409",5,95,1
"410",5,102,5
"411",5,104,1
"412",5,109,1
"413",5,110,2
"414",5,114,5
"415",5,115,2
"416",5,116,1
"417",5,58,1
"418",5,59,2
"419",5,103,1
"420",5,11,1
"421",5,17,1
"422",5,32,3
"423",5,68,2
"424",5,105,2
"425",5,28,1
"426",6,8,3
"427",6,9,3
"428",6,12,3
"429",6,13,2
"430",6,16,4
"431",6,19,5
"432",6,28,1
"433",6,30,3
"434",6,35,1
"435",6,38,2
"436",6,39,2
"437",6,41,3
"438",6,44,3
"439",6,48,3
"440",6,52,2
"441",6,58,2
"442",6,63,3
"443",6,70,3
"444",6,71,3
"445",6,73,3
"446",6,75,3
"447",6,78,3
"448",6,79,3
"449",6,81,2
"450",6,87,3
"451",6,93,3
"452",6,109,2
"453",6,110,3
"454",6,111,3
"455",6,114,4
"456",6,115,3
"457",6,118,1
"458",6,7,3
"459",6,10,1
"460",6,18,2
"461",6,23,2
"462",6,24,2
"463",6,25,2
"464",6,26,2
"465",6,27,3
"466",6,33,3
"467",6,34,1
"468",6,36,2
"469",6,37,2
"470",6,40,1
"471",6,42,3
"472",6,45,2
"473",6,49,2
"474",6,51,2
"475",6,53,2
"476",6,54,1
"477",6,55,1
"478",6,56,2
"479",6,57,1
"480",6,64,2
"481",6,65,1
"482",6,69,3
"483",6,72,2
"484",6,74,2
"485",6,77,1
"486",6,80,2
"487",6,83,3
"488",6,84,1
"489",6,85,2
"490",6,88,1
"491",6,92,1
"492",6,95,1
"493",6,96,1
"494",6,97,3
"495",6,99,1
"496",6,102,3
"497",6,104,1
"498",6,116,1
"499",6,46,2
"500",6,59,1
"501",6,60,2
"502",6,67,2
"503",6,100,1
"504",6,103,1
"505",6,11,1
"506",6,17,2
"507",6,22,1
"508",6,32,2
"509",6,47,2
"510",6,68,1
"511",6,82,2
"512",6,105,1
"513",6,107,1
"514",6,15,1
"515",6,31,1
"516",6,76,2
"517",6,86,1
"518",6,89,1
"519",6,91,1
"520",6,101,1
"521",6,108,1
"522",7,18,5
"523",7,19,3
"524",7,20,1
"525",7,21,1
"526",7,22,3
"527",7,27,4
"528",7,33,4
"529",7,42,4
"530",7,44,3
"531",7,46,2
"532",7,47,4
"533",7,49,4
"534",7,60,3
"535",7,65,2
"536",7,67,2
"537",7,69,4
"538",7,70,4
"539",7,73,6
"540",7,76,3
"541",7,93,3
"542",7,96,4
"543",7,97,6
"544",7,100,1
"545",7,107,2
"546",7,111,3
"547",7,8,4
"548",7,9,2
"549",7,10,3
"550",7,12,2
"551",7,16,3
"552",7,23,1
"553",7,24,2
"554",7,25,2
"555",7,26,2
"556",7,30,2
"557",7,34,4
"558",7,36,3
"559",7,37,2
"560",7,38,2
"561",7,39,2
"562",7,40,1
"563",7,41,2
"564",7,45,3
"565",7,48,2
"566",7,51,1
"567",7,52,1
"568",7,53,3
"569",7,54,2
"570",7,55,2
"571",7,56,2
"572",7,57,1
"573",7,63,2
"574",7,64,1
"575",7,71,2
"576",7,72,2
"577",7,74,2
"578",7,75,1
"579",7,77,1
"580",7,78,2
"581",7,79,2
"582",7,80,3
"583",7,81,1
"584",7,83,2
"585",7,84,1
"586",7,85,2
"587",7,87,3
"588",7,88,1
"589",7,92,2
"590",7,95,1
"591",7,99,3
"592",7,102,3
"593",7,104,1
"594",7,109,1
"595",7,110,2
"596",7,114,2
"597",7,115,2
"598",7,116,1
"599",7,11,1
"600",7,17,3
"601",7,32,5
"602",7,68,2
"603",7,82,2
"604",7,105,2
"605",7,59,1
"606",7,13,1
"607",7,15,2
"608",7,86,2
"609",7,89,2
"610",7,91,2
"611",7,101,2
"612",7,108,2
"613",7,113,1
"614",7,117,1
"615",7,31,1
"616",7,14,1
"617",7,43,1
"618",7,62,1
"619",7,98,1
"620",7,106,1
"621",7,112,1
"622",8,9,4
"623",8,10,3
"624",8,34,4
"625",8,46,2
"626",8,62,2
"627",8,63,4
"628",8,71,4
"629",8,73,6
"630",8,75,3
"631",8,82,3
"632",8,83,3
"633",8,12,3
"634",8,13,1
"635",8,16,4
"636",8,19,3
"637",8,28,1
"638",8,30,3
"639",8,35,1
"640",8,38,3
"641",8,39,2
"642",8,41,3
"643",8,44,3
"644",8,48,3
"645",8,52,2
"646",8,58,1
"647",8,70,5
"648",8,78,4
"649",8,79,3
"650",8,81,2
"651",8,87,3
"652",8,93,4
"653",8,109,2
"654",8,110,3
"655",8,111,2
"656",8,114,3
"657",8,115,3
"658",8,118,1
"659",8,18,3
"660",8,23,1
"661",8,24,2
"662",8,25,1
"663",8,26,2
"664",8,27,3
"665",8,33,3
"666",8,36,3
"667",8,37,2
"668",8,40,1
"669",8,42,3
"670",8,45,4
"671",8,49,2
"672",8,51,1
"673",8,53,3
"674",8,54,2
"675",8,55,2
"676",8,56,2
"677",8,57,1
"678",8,64,1
"679",8,65,2
"680",8,69,3
"681",8,72,2
"682",8,74,2
"683",8,77,1
"684",8,80,3
"685",8,84,1
"686",8,85,2
"687",8,88,1
"688",8,92,2
"689",8,95,1
"690",8,96,2
"691",8,97,4
"692",8,99,4
"693",8,102,2
"694",8,104,1
"695",8,116,1
"696",8,11,1
"697",8,17,1
"698",8,22,2
"699",8,32,2
"700",8,47,3
"701",8,60,3
"702",8,67,1
"703",8,68,1
"704",8,105,1
"705",8,107,2
"706",8,76,1
"707",8,100,1
"708",8,14,1
"709",8,43,1
"710",8,98,1
"711",8,106,1
"712",8,112,1
"713",9,10,4
"714",9,34,3
"715",9,46,3
"716",9,62,1
"717",9,63,3
"718",9,71,3
"719",9,73,4
"720",9,75,4
"721",9,82,2
"722",9,83,2
"723",9,12,2
"724",9,13,1
"725",9,16,4
"726",9,19,3
"727",9,28,2
"728",9,30,3
"729",9,35,1
"730",9,38,2
"731",9,39,3
"732",9,41,2
"733",9,44,2
"734",9,48,2
"735",9,52,3
"736",9,58,1
"737",9,70,3
"738",9,78,2
"739",9,79,5
"740",9,81,2
"741",9,87,3
"742",9,93,2
"743",9,109,2
"744",9,110,2
"745",9,111,2
"746",9,114,3
"747",9,115,2
"748",9,118,1
"749",9,18,2
"750",9,23,1
"751",9,24,1
"752",9,25,3
"753",9,26,1
"754",9,27,1
"755",9,33,2
"756",9,36,1
"757",9,37,1
"758",9,40,1
"759",9,42,2
"760",9,45,1
"761",9,49,2
"762",9,51,1
"763",9,53,1
"764",9,54,1
"765",9,55,1
"766",9,56,1
"767",9,57,1
"768",9,64,1
"769",9,65,1
"770",9,69,2
"771",9,72,1
"772",9,74,1
"773",9,77,1
"774",9,80,1
"775",9,84,1
"776",9,85,1
"777",9,88,1
"778",9,92,1
"779",9,95,1
"780",9,96,2
"781",9,97,2
"782",9,99,3
"783",9,102,2
"784",9,104,1
"785",9,116,1
"786",9,14,1
"787",9,17,1
"788",9,47,2
"789",9,60,1
"790",9,66,1
"791",9,107,1
"792",9,22,1
"793",9,32,1
"794",9,59,1
"795",9,68,1
"796",9,105,1
"797",10,12,3
"798",10,16,6
"799",10,46,5
"800",10,79,6
"801",10,81,2
"802",10,82,4
"803",10,85,4
"804",10,99,5
"805",10,111,3
"806",10,34,4
"807",10,62,2
"808",10,63,3
"809",10,71,3
"810",10,73,6
"811",10,75,3
"812",10,83,3
"813",10,18,4
"814",10,19,2
"815",10,23,1
"816",10,24,1
"817",10,25,3
"818",10,26,1
"819",10,27,3
"820",10,30,2
"821",10,33,4
"822",10,36,2
"823",10,37,1
"824",10,38,2
"825",10,39,3
"826",10,40,1
"827",10,41,2
"828",10,42,3
"829",10,44,3
"830",10,45,1
"831",10,48,2
"832",10,49,2
"833",10,51,1
"834",10,52,3
"835",10,53,3
"836",10,54,2
"837",10,55,2
"838",10,56,1
"839",10,57,1
"840",10,64,1
"841",10,65,2
"842",10,69,4
"843",10,70,3
"844",10,72,1
"845",10,74,3
"846",10,77,1
"847",10,78,2
"848",10,80,3
"849",10,84,1
"850",10,87,2
"851",10,88,1
"852",10,92,2
"853",10,93,2
"854",10,95,1
"855",10,96,4
"856",10,97,3
"857",10,102,3
"858",10,104,2
"859",10,109,1
"860",10,110,3
"861",10,114,3
"862",10,115,2
"863",10,116,1
"864",10,20,1
"865",10,29,1
"866",10,47,6
"867",10,94,1
"868",10,14,2
"869",10,17,1
"870",10,60,1
"871",10,66,1
"872",10,107,2
"873",10,22,1
"874",10,32,1
"875",10,59,1
"876",10,68,1
"877",10,105,2
"878",10,43,1
"879",10,98,1
"880",10,106,1
"881",10,112,1
"882",10,28,1
"883",10,35,1
"884",10,58,1
"885",11,12,1
"886",11,16,1
"887",11,17,1
"888",11,18,1
"889",11,22,1
"890",11,24,1
"891",11,26,1
"892",11,27,1
"893",11,30,1
"894",11,32,1
"895",11,33,1
"896",11,36,1
"897",11,37,1
"898",11,41,1
"899",11,42,1
"900",11,44,1
"901",11,45,1
"902",11,47,1
"903",11,48,1
"904",11,49,1
"905",11,53,1
"906",11,56,1
"907",11,60,1
"908",11,67,1
"909",11,68,1
"910",11,69,1
"911",11,70,1
"912",11,71,1
"913",11,72,1
"914",11,73,1
"915",11,74,1
"916",11,78,1
"917",11,80,1
"918",11,82,1
"919",11,83,1
"920",11,87,1
"921",11,93,1
"922",11,97,1
"923",11,102,1
"924",11,105,1
"925",11,107,1
"926",11,110,1
"927",11,111,1
"928",11,114,1
"929",11,115,1
"930",12,16,5
"931",12,46,1
"932",12,79,4
"933",12,81,4
"934",12,82,2
"935",12,85,4
"936",12,99,3
"937",12,111,4
"938",12,42,4
"939",12,64,2
"940",12,90,1
"941",12,13,1
"942",12,19,3
"943",12,28,2
"944",12,30,4
"945",12,35,2
"946",12,38,2
"947",12,39,3
"948",12,41,4
"949",12,44,4
"950",12,48,4
"951",12,52,3
"952",12,58,2
"953",12,63,2
"954",12,70,3
"955",12,71,4
"956",12,73,4
"957",12,75,3
"958",12,78,4
"959",12,87,3
"960",12,93,4
"961",12,109,2
"962",12,110,4
"963",12,114,4
"964",12,115,4
"965",12,118,1
"966",12,18,2
"967",12,23,1
"968",12,24,2
"969",12,25,1
"970",12,26,2
"971",12,27,2
"972",12,33,2
"973",12,34,1
"974",12,36,2
"975",12,37,2
"976",12,40,1
"977",12,45,2
"978",12,49,2
"979",12,51,1
"980",12,53,2
"981",12,54,1
"982",12,55,1
"983",12,56,2
"984",12,57,1
"985",12,65,2
"986",12,69,2
"987",12,72,2
"988",12,74,2
"989",12,77,1
"990",12,80,2
"991",12,83,3
"992",12,84,1
"993",12,88,1
"994",12,92,1
"995",12,95,1
"996",12,96,1
"997",12,97,2
"998",12,102,2
"999",12,104,2
"1000",12,116,1
"1001",12,17,1
"1002",12,22,1
"1003",12,32,1
"1004",12,47,2
"1005",12,60,1
"1006",12,67,1
"1007",12,68,1
"1008",12,105,2
"1009",12,107,1
"1010",13,16,1
"1011",13,19,1
"1012",13,28,1
"1013",13,30,1
"1014",13,35,1
"1015",13,38,1
"1016",13,39,1
"1017",13,41,1
"1018",13,44,1
"1019",13,48,1
"1020",13,52,1
"1021",13,58,1
"1022",13,63,1
"1023",13,70,1
"1024",13,71,1
"1025",13,73,1
"1026",13,75,1
"1027",13,78,1
"1028",13,79,1
"1029",13,81,1
"1030",13,87,1
"1031",13,93,1
"1032",13,109,1
"1033",13,110,1
"1034",13,111,1
"1035",13,114,1
"1036",13,115,1
"1037",13,118,1
"1038",13,15,2
"1039",13,17,1
"1040",13,32,1
"1041",13,76,2
"1042",13,86,2
"1043",13,89,1
"1044",13,91,1
"1045",13,99,1
"1046",13,101,1
"1047",13,108,1
"1048",13,113,1
"1049",13,117,1
"1050",14,16,1
"1051",14,17,1
"1052",14,25,1
"1053",14,46,1
"1054",14,47,2
"1055",14,60,1
"1056",14,66,1
"1057",14,69,2
"1058",14,70,2
"1059",14,79,1
"1060",14,99,2
"1061",14,107,1
"1062",14,18,1
"1063",14,27,1
"1064",14,34,1
"1065",14,36,1
"1066",14,38,1
"1067",14,43,1
"1068",14,53,1
"1069",14,54,1
"1070",14,55,1
"1071",14,62,1
"1072",14,73,1
"1073",14,80,1
"1074",14,85,1
"1075",14,92,1
"1076",14,96,1
"1077",14,97,1
"1078",14,98,1
"1079",14,106,1
"1080",14,112,1
"1081",15,17,2
"1082",15,32,2
"1083",15,76,2
"1084",15,86,3
"1085",15,89,2
"1086",15,91,2
"1087",15,99,1
"1088",15,101,2
"1089",15,108,2
"1090",15,113,1
"1091",15,117,1
"1092",15,31,1
"1093",15,97,1
"1094",16,46,8
"1095",16,79,8
"1096",16,81,4
"1097",16,82,4
"1098",16,85,3
"1099",16,99,4
"1100",16,111,7
"1101",16,23,4
"1102",16,27,4
"1103",16,34,3
"1104",16,42,8
"1105",16,52,5
"1106",16,57,3
"1107",16,69,4
"1108",16,74,4
"1109",16,80,4
"1110",16,92,2
"1111",16,115,8
"1112",16,19,5
"1113",16,28,3
"1114",16,30,5
"1115",16,35,3
"1116",16,38,2
"1117",16,39,4
"1118",16,41,5
"1119",16,44,5
"1120",16,48,5
"1121",16,58,3
"1122",16,63,3
"1123",16,70,6
"1124",16,71,5
"1125",16,73,6
"1126",16,75,4
"1127",16,78,5
"1128",16,87,5
"1129",16,93,6
"1130",16,109,2
"1131",16,110,4
"1132",16,114,6
"1133",16,118,1
"1134",16,18,5
"1135",16,24,3
"1136",16,25,4
"1137",16,26,3
"1138",16,33,6
"1139",16,36,2
"1140",16,37,2
"1141",16,40,1
"1142",16,45,4
"1143",16,49,4
"1144",16,51,2
"1145",16,53,3
"1146",16,54,1
"1147",16,55,1
"1148",16,56,2
"1149",16,64,1
"1150",16,65,5
"1151",16,72,2
"1152",16,77,1
"1153",16,83,5
"1154",16,84,1
"1155",16,88,1
"1156",16,95,1
"1157",16,96,3
"1158",16,97,4
"1159",16,102,5
"1160",16,104,2
"1161",16,116,1
"1162",16,59,2
"1163",16,60,3
"1164",16,67,3
"1165",16,100,3
"1166",16,103,1
"1167",16,17,2
"1168",16,47,6
"1169",16,66,1
"1170",16,107,3
"1171",16,22,3
"1172",16,32,2
"1173",16,68,2
"1174",16,105,3
"1175",16,86,1
"1176",16,76,1
"1177",17,25,1
"1178",17,46,1
"1179",17,47,2
"1180",17,60,2
"1181",17,66,1
"1182",17,69,2
"1183",17,70,2
"1184",17,79,1
"1185",17,99,2
"1186",17,107,2
"1187",17,18,1
"1188",17,22,1
"1189",17,24,1
"1190",17,26,1
"1191",17,27,1
"1192",17,30,1
"1193",17,32,3
"1194",17,33,1
"1195",17,36,1
"1196",17,37,1
"1197",17,41,1
"1198",17,42,1
"1199",17,44,1
"1200",17,45,1
"1201",17,48,1
"1202",17,49,1
"1203",17,53,1
"1204",17,56,1
"1205",17,67,1
"1206",17,68,1
"1207",17,71,1
"1208",17,72,1
"1209",17,73,1
"1210",17,74,1
"1211",17,78,1
"1212",17,80,1
"1213",17,82,1
"1214",17,83,1
"1215",17,87,1
"1216",17,93,1
"1217",17,97,2
"1218",17,102,1
"1219",17,105,1
"1220",17,110,1
"1221",17,111,1
"1222",17,114,1
"1223",17,115,1
"1224",17,76,2
"1225",17,86,2
"1226",17,89,2
"1227",17,91,2
"1228",17,101,2
"1229",17,108,2
"1230",17,113,1
"1231",17,117,1
"1232",17,31,1
"1233",18,19,2
"1234",18,20,1
"1235",18,21,1
"1236",18,22,3
"1237",18,27,5
"1238",18,33,5
"1239",18,42,5
"1240",18,44,4
"1241",18,46,3
"1242",18,47,6
"1243",18,49,5
"1244",18,60,2
"1245",18,65,3
"1246",18,67,3
"1247",18,69,4
"1248",18,70,5
"1249",18,73,6
"1250",18,76,1
"1251",18,93,4
"1252",18,96,5
"1253",18,97,5
"1254",18,100,1
"1255",18,107,3
"1256",18,111,3
"1257",18,23,2
"1258",18,24,3
"1259",18,25,2
"1260",18,26,3
"1261",18,30,3
"1262",18,34,3
"1263",18,36,3
"1264",18,37,2
"1265",18,38,2
"1266",18,39,2
"1267",18,40,1
"1268",18,41,2
"1269",18,45,3
"1270",18,48,3
"1271",18,51,1
"1272",18,52,2
"1273",18,53,4
"1274",18,54,2
"1275",18,55,2
"1276",18,56,2
"1277",18,57,2
"1278",18,63,1
"1279",18,64,1
"1280",18,71,2
"1281",18,72,2
"1282",18,74,3
"1283",18,75,2
"1284",18,77,1
"1285",18,78,2
"1286",18,79,3
"1287",18,80,4
"1288",18,81,1
"1289",18,83,3
"1290",18,84,1
"1291",18,85,2
"1292",18,87,4
"1293",18,88,1
"1294",18,92,2
"1295",18,95,1
"1296",18,99,2
"1297",18,102,4
"1298",18,104,1
"1299",18,109,1
"1300",18,110,2
"1301",18,114,3
"1302",18,115,3
"1303",18,116,1
"1304",18,32,2
"1305",18,68,2
"1306",18,82,3
"1307",18,105,2
"1308",18,59,1
"1309",18,43,1
"1310",18,62,1
"1311",18,98,1
"1312",18,106,1
"1313",18,112,1
"1314",18,28,1
"1315",18,35,1
"1316",19,20,1
"1317",19,21,1
"1318",19,22,1
"1319",19,27,3
"1320",19,33,3
"1321",19,42,4
"1322",19,44,4
"1323",19,46,4
"1324",19,47,3
"1325",19,49,2
"1326",19,60,3
"1327",19,65,3
"1328",19,67,2
"1329",19,69,3
"1330",19,70,3
"1331",19,73,5
"1332",19,76,1
"1333",19,93,4
"1334",19,96,2
"1335",19,97,2
"1336",19,100,3
"1337",19,107,1
"1338",19,111,4
"1339",19,28,3
"1340",19,30,4
"1341",19,35,2
"1342",19,38,2
"1343",19,39,3
"1344",19,41,3
"1345",19,48,3
"1346",19,52,4
"1347",19,58,3
"1348",19,63,4
"1349",19,71,3
"1350",19,75,4
"1351",19,78,3
"1352",19,79,4
"1353",19,81,2
"1354",19,87,2
"1355",19,109,2
"1356",19,110,3
"1357",19,114,5
"1358",19,115,4
"1359",19,118,1
"1360",19,23,2
"1361",19,24,1
"1362",19,25,2
"1363",19,26,1
"1364",19,34,2
"1365",19,36,1
"1366",19,37,1
"1367",19,40,1
"1368",19,45,2
"1369",19,51,2
"1370",19,53,1
"1371",19,54,1
"1372",19,55,1
"1373",19,56,1
"1374",19,57,1
"1375",19,64,1
"1376",19,72,1
"1377",19,74,1
"1378",19,77,1
"1379",19,80,1
"1380",19,83,3
"1381",19,84,1
"1382",19,85,2
"1383",19,88,1
"1384",19,92,1
"1385",19,95,1
"1386",19,99,3
"1387",19,102,2
"1388",19,104,2
"1389",19,116,1
"1390",19,59,1
"1391",19,103,1
"1392",19,86,1
"1393",19,32,1
"1394",19,82,1
"1395",19,105,1
"1396",20,21,1
"1397",20,22,1
"1398",20,27,2
"1399",20,33,2
"1400",20,42,1
"1401",20,44,2
"1402",20,46,1
"1403",20,47,2
"1404",20,49,1
"1405",20,60,1
"1406",20,65,1
"1407",20,67,1
"1408",20,69,2
"1409",20,70,1
"1410",20,73,1
"1411",20,76,1
"1412",20,93,1
"1413",20,96,1
"1414",20,97,1
"1415",20,100,2
"1416",20,107,1
"1417",20,111,1
"1418",20,29,1
"1419",20,53,1
"1420",20,63,1
"1421",20,74,1
"1422",20,82,1
"1423",20,94,1
"1424",20,110,1
"1425",20,50,1
"1426",20,64,1
"1427",20,86,1
"1428",20,101,1
"1429",20,113,1
"1430",21,22,1
"1431",21,27,1
"1432",21,33,1
"1433",21,42,1
"1434",21,44,1
"1435",21,46,1
"1436",21,47,1
"1437",21,49,1
"1438",21,60,1
"1439",21,65,1
"1440",21,67,1
"1441",21,69,1
"1442",21,70,1
"1443",21,73,1
"1444",21,76,1
"1445",21,93,1
"1446",21,96,1
"1447",21,97,1
"1448",21,100,1
"1449",21,107,1
"1450",21,111,1
"1451",22,27,2
"1452",22,33,4
"1453",22,42,4
"1454",22,44,2
"1455",22,46,3
"1456",22,47,3
"1457",22,49,3
"1458",22,60,2
"1459",22,65,2
"1460",22,67,2
"1461",22,69,2
"1462",22,70,3
"1463",22,73,3
"1464",22,76,2
"1465",22,93,3
"1466",22,96,2
"1467",22,97,4
"1468",22,100,2
"1469",22,107,2
"1470",22,111,3
"1471",22,24,1
"1472",22,26,1
"1473",22,30,1
"1474",22,32,2
"1475",22,36,1
"1476",22,37,1
"1477",22,41,1
"1478",22,45,2
"1479",22,48,1
"1480",22,53,1
"1481",22,56,1
"1482",22,68,2
"1483",22,71,1
"1484",22,72,1
"1485",22,74,1
"1486",22,78,2
"1487",22,80,1
"1488",22,82,2
"1489",22,83,1
"1490",22,87,2
"1491",22,102,2
"1492",22,105,2
"1493",22,110,1
"1494",22,114,1
"1495",22,115,1
"1496",22,25,1
"1497",22,34,1
"1498",22,39,1
"1499",22,59,1
"1500",22,79,1
"1501",23,27,3
"1502",23,34,2
"1503",23,42,4
"1504",23,46,2
"1505",23,52,2
"1506",23,57,3
"1507",23,69,2
"1508",23,74,2
"1509",23,79,2
"1510",23,80,2
"1511",23,81,2
"1512",23,92,2
"1513",23,111,2
"1514",23,115,3
"1515",23,24,2
"1516",23,25,2
"1517",23,26,2
"1518",23,30,2
"1519",23,33,2
"1520",23,36,1
"1521",23,37,1
"1522",23,38,1
"1523",23,39,1
"1524",23,40,1
"1525",23,41,1
"1526",23,44,2
"1527",23,45,2
"1528",23,48,2
"1529",23,49,2
"1530",23,51,2
"1531",23,53,2
"1532",23,54,1
"1533",23,55,1
"1534",23,56,1
"1535",23,63,2
"1536",23,64,1
"1537",23,65,2
"1538",23,70,2
"1539",23,71,1
"1540",23,72,1
"1541",23,73,1
"1542",23,75,2
"1543",23,77,1
"1544",23,78,1
"1545",23,83,3
"1546",23,84,1
"1547",23,85,1
"1548",23,87,2
"1549",23,88,1
"1550",23,93,2
"1551",23,95,1
"1552",23,96,1
"1553",23,97,1
"1554",23,99,1
"1555",23,102,2
"1556",23,104,1
"1557",23,109,1
"1558",23,110,1
"1559",23,114,2
"1560",23,116,1
"1561",23,58,1
"1562",23,59,1
"1563",23,60,1
"1564",23,67,2
"1565",23,100,1
"1566",23,103,1
"1567",23,28,1
"1568",23,35,1
"1569",23,47,1
"1570",23,82,1
"1571",24,25,1
"1572",24,26,3
"1573",24,27,3
"1574",24,30,3
"1575",24,33,2
"1576",24,34,1
"1577",24,36,2
"1578",24,37,2
"1579",24,38,1
"1580",24,39,1
"1581",24,40,1
"1582",24,41,2
"1583",24,42,3
"1584",24,44,3
"1585",24,45,3
"1586",24,48,3
"1587",24,49,3
"1588",24,51,1
"1589",24,52,1
"1590",24,53,3
"1591",24,54,1
"1592",24,55,1
"1593",24,56,2
"1594",24,57,2
"1595",24,63,1
"1596",24,64,1
"1597",24,65,2
"1598",24,69,2
"1599",24,70,3
"1600",24,71,2
"1601",24,72,2
"1602",24,73,2
"1603",24,74,2
"1604",24,75,2
"1605",24,77,1
"1606",24,78,2
"1607",24,79,1
"1608",24,80,2
"1609",24,81,1
"1610",24,83,3
"1611",24,84,1
"1612",24,85,1
"1613",24,87,3
"1614",24,88,1
"1615",24,92,1
"1616",24,93,3
"1617",24,95,1
"1618",24,96,1
"1619",24,97,2
"1620",24,99,1
"1621",24,102,2
"1622",24,104,1
"1623",24,109,1
"1624",24,110,2
"1625",24,114,2
"1626",24,115,3
"1627",24,116,1
"1628",24,32,1
"1629",24,47,2
"1630",24,60,1
"1631",24,67,2
"1632",24,68,1
"1633",24,82,2
"1634",24,105,1
"1635",24,107,1
"1636",24,111,1
"1637",24,28,1
"1638",24,35,1
"1639",25,26,1
"1640",25,27,1
"1641",25,30,1
"1642",25,33,3
"1643",25,34,2
"1644",25,36,1
"1645",25,37,1
"1646",25,38,1
"1647",25,39,2
"1648",25,40,1
"1649",25,41,1
"1650",25,42,3
"1651",25,44,1
"1652",25,45,1
"1653",25,48,1
"1654",25,49,2
"1655",25,51,2
"1656",25,52,1
"1657",25,53,1
"1658",25,54,1
"1659",25,55,1
"1660",25,56,1
"1661",25,57,1
"1662",25,63,2
"1663",25,64,1
"1664",25,65,1
"1665",25,69,2
"1666",25,70,2
"1667",25,71,1
"1668",25,72,1
"1669",25,73,2
"1670",25,74,1
"1671",25,75,1
"1672",25,77,1
"1673",25,78,1
"1674",25,79,3
"1675",25,80,1
"1676",25,81,1
"1677",25,83,2
"1678",25,84,1
"1679",25,85,1
"1680",25,87,2
"1681",25,88,1
"1682",25,92,1
"1683",25,93,1
"1684",25,95,1
"1685",25,96,2
"1686",25,97,2
"1687",25,99,2
"1688",25,102,3
"1689",25,104,1
"1690",25,109,1
"1691",25,110,1
"1692",25,114,2
"1693",25,115,1
"1694",25,116,1
"1695",25,46,3
"1696",25,58,1
"1697",25,59,2
"1698",25,60,2
"1699",25,67,1
"1700",25,100,1
"1701",25,103,1
"1702",25,111,2
"1703",25,47,2
"1704",25,66,1
"1705",25,107,1
"1706",25,32,1
"1707",25,68,1
"1708",25,82,1
"1709",25,105,1
"1710",26,27,3
"1711",26,30,3
"1712",26,33,2
"1713",26,34,1
"1714",26,36,2
"1715",26,37,2
"1716",26,38,1
"1717",26,39,1
"1718",26,40,1
"1719",26,41,2
"1720",26,42,3
"1721",26,44,3
"1722",26,45,3
"1723",26,48,3
"1724",26,49,3
"1725",26,51,1
"1726",26,52,1
"1727",26,53,3
"1728",26,54,1
"1729",26,55,1
"1730",26,56,2
"1731",26,57,2
"1732",26,63,1
"1733",26,64,1
"1734",26,65,2
"1735",26,69,2
"1736",26,70,3
"1737",26,71,2
"1738",26,72,2
"1739",26,73,2
"1740",26,74,2
"1741",26,75,2
"1742",26,77,1
"1743",26,78,2
"1744",26,79,1
"1745",26,80,2
"1746",26,81,1
"1747",26,83,3
"1748",26,84,1
"1749",26,85,1
"1750",26,87,3
"1751",26,88,1
"1752",26,92,1
"1753",26,93,3
"1754",26,95,1
"1755",26,96,1
"1756",26,97,2
"1757",26,99,1
"1758",26,102,2
"1759",26,104,1
"1760",26,109,1
"1761",26,110,2
"1762",26,114,2
"1763",26,115,3
"1764",26,116,1
"1765",26,32,1
"1766",26,47,2
"1767",26,60,1
"1768",26,67,2
"1769",26,68,1
"1770",26,82,2
"1771",26,105,1
"1772",26,107,1
"1773",26,111,1
"1774",26,28,1
"1775",26,35,1
"1776",27,33,4
"1777",27,42,5
"1778",27,44,5
"1779",27,46,3
"1780",27,47,5
"1781",27,49,4
"1782",27,60,2
"1783",27,65,3
"1784",27,67,3
"1785",27,69,6
"1786",27,70,5
"1787",27,73,4
"1788",27,76,1
"1789",27,93,4
"1790",27,96,3
"1791",27,97,4
"1792",27,100,1
"1793",27,107,2
"1794",27,111,3
"1795",27,34,3
"1796",27,52,2
"1797",27,57,3
"1798",27,74,4
"1799",27,79,2
"1800",27,80,4
"1801",27,81,2
"1802",27,92,3
"1803",27,115,4
"1804",27,30,3
"1805",27,36,3
"1806",27,37,2
"1807",27,38,2
"1808",27,39,1
"1809",27,40,1
"1810",27,41,2
"1811",27,45,3
"1812",27,48,3
"1813",27,51,1
"1814",27,53,5
"1815",27,54,2
"1816",27,55,2
"1817",27,56,2
"1818",27,63,2
"1819",27,64,1
"1820",27,71,2
"1821",27,72,2
"1822",27,75,2
"1823",27,77,1
"1824",27,78,2
"1825",27,83,3
"1826",27,84,1
"1827",27,85,2
"1828",27,87,3
"1829",27,88,1
"1830",27,95,1
"1831",27,99,2
"1832",27,102,2
"1833",27,104,1
"1834",27,109,1
"1835",27,110,3
"1836",27,114,2
"1837",27,116,1
"1838",27,29,1
"1839",27,82,3
"1840",27,94,1
"1841",27,32,1
"1842",27,68,1
"1843",27,105,1
"1844",27,43,1
"1845",27,62,1
"1846",27,98,1
"1847",27,106,1
"1848",27,112,1
"1849",27,28,1
"1850",27,35,1
"1851",28,30,4
"1852",28,35,3
"1853",28,38,1
"1854",28,39,2
"1855",28,41,2
"1856",28,44,3
"1857",28,48,3
"1858",28,52,3
"1859",28,58,2
"1860",28,63,1
"1861",28,70,2
"1862",28,71,2
"1863",28,73,2
"1864",28,75,4
"1865",28,78,2
"1866",28,79,3
"1867",28,81,1
"1868",28,87,2
"1869",28,93,3
"1870",28,109,1
"1871",28,110,2
"1872",28,111,2
"1873",28,114,3
"1874",28,115,3
"1875",28,118,1
"1876",28,99,2
"1877",28,42,2
"1878",28,47,2
"1879",28,65,2
"1880",28,83,2
"1881",28,85,1
"1882",28,104,1
"1883",28,105,1
"1884",28,45,1
"1885",28,49,1
"1886",28,53,1
"1887",28,57,1
"1888",28,67,1
"1889",28,82,1
"1890",29,33,1
"1891",29,44,1
"1892",29,47,1
"1893",29,53,1
"1894",29,63,1
"1895",29,69,1
"1896",29,74,1
"1897",29,82,1
"1898",29,94,1
"1899",29,110,1
"1900",30,35,3
"1901",30,38,2
"1902",30,39,3
"1903",30,41,4
"1904",30,44,5
"1905",30,48,5
"1906",30,52,4
"1907",30,58,2
"1908",30,63,2
"1909",30,70,4
"1910",30,71,4
"1911",30,73,4
"1912",30,75,5
"1913",30,78,4
"1914",30,79,4
"1915",30,81,2
"1916",30,87,4
"1917",30,93,5
"1918",30,109,2
"1919",30,110,4
"1920",30,111,3
"1921",30,114,5
"1922",30,115,5
"1923",30,118,1
"1924",30,33,2
"1925",30,34,1
"1926",30,36,2
"1927",30,37,2
"1928",30,40,1
"1929",30,42,4
"1930",30,45,3
"1931",30,49,3
"1932",30,51,1
"1933",30,53,3
"1934",30,54,1
"1935",30,55,1
"1936",30,56,2
"1937",30,57,2
"1938",30,64,1
"1939",30,65,3
"1940",30,69,2
"1941",30,72,2
"1942",30,74,2
"1943",30,77,1
"1944",30,80,2
"1945",30,83,4
"1946",30,84,1
"1947",30,85,2
"1948",30,88,1
"1949",30,92,1
"1950",30,95,1
"1951",30,96,1
"1952",30,97,2
"1953",30,99,3
"1954",30,102,2
"1955",30,104,2
"1956",30,116,1
"1957",30,32,1
"1958",30,47,3
"1959",30,60,1
"1960",30,67,2
"1961",30,68,1
"1962",30,82,2
"1963",30,105,2
"1964",30,107,1
"1965",31,32,1
"1966",31,76,1
"1967",31,86,1
"1968",31,89,1
"1969",31,91,1
"1970",31,97,1
"1971",31,101,1
"1972",31,108,1
"1973",32,33,2
"1974",32,36,1
"1975",32,37,1
"1976",32,41,1
"1977",32,42,2
"1978",32,44,1
"1979",32,45,2
"1980",32,47,2
"1981",32,48,1
"1982",32,49,2
"1983",32,53,1
"1984",32,56,1
"1985",32,60,2
"1986",32,67,1
"1987",32,68,2
"1988",32,69,1
"1989",32,70,1
"1990",32,71,1
"1991",32,72,1
"1992",32,73,3
"1993",32,74,1
"1994",32,78,1
"1995",32,80,1
"1996",32,82,2
"1997",32,83,1
"1998",32,87,2
"1999",32,93,1
"2000",32,97,3
"2001",32,102,2
"2002",32,105,2
"2003",32,107,1
"2004",32,110,1
"2005",32,111,2
"2006",32,114,1
"2007",32,115,1
"2008",32,34,2
"2009",32,63,1
"2010",32,39,1
"2011",32,46,1
"2012",32,59,1
"2013",32,79,1
"2014",32,96,1
"2015",32,76,2
"2016",32,86,2
"2017",32,89,2
"2018",32,91,2
"2019",32,99,1
"2020",32,101,2
"2021",32,108,2
"2022",32,113,1
"2023",32,117,1
"2024",33,42,6
"2025",33,44,4
"2026",33,46,5
"2027",33,47,5
"2028",33,49,4
"2029",33,60,3
"2030",33,65,3
"2031",33,67,3
"2032",33,69,4
"2033",33,70,4
"2034",33,73,5
"2035",33,76,2
"2036",33,93,4
"2037",33,96,4
"2038",33,97,5
"2039",33,100,3
"2040",33,107,3
"2041",33,111,4
"2042",33,34,2
"2043",33,36,2
"2044",33,37,2
"2045",33,38,1
"2046",33,39,2
"2047",33,40,1
"2048",33,41,2
"2049",33,45,3
"2050",33,48,2
"2051",33,51,2
"2052",33,52,2
"2053",33,53,3
"2054",33,54,1
"2055",33,55,1
"2056",33,56,2
"2057",33,57,1
"2058",33,63,3
"2059",33,64,1
"2060",33,71,2
"2061",33,72,2
"2062",33,74,4
"2063",33,75,1
"2064",33,77,1
"2065",33,78,3
"2066",33,79,3
"2067",33,80,3
"2068",33,81,1
"2069",33,83,3
"2070",33,84,1
"2071",33,85,1
"2072",33,87,3
"2073",33,88,1
"2074",33,92,1
"2075",33,95,1
"2076",33,99,1
"2077",33,102,5
"2078",33,104,1
"2079",33,109,1
"2080",33,110,3
"2081",33,114,4
"2082",33,115,2
"2083",33,116,1
"2084",33,82,3
"2085",33,94,1
"2086",33,58,1
"2087",33,59,2
"2088",33,103,1
"2089",33,68,2
"2090",33,105,2
"2091",34,46,3
"2092",34,62,2
"2093",34,63,3
"2094",34,71,2
"2095",34,73,5
"2096",34,75,2
"2097",34,82,2
"2098",34,83,2
"2099",34,42,3
"2100",34,52,2
"2101",34,57,2
"2102",34,69,3
"2103",34,74,2
"2104",34,79,3
"2105",34,80,3
"2106",34,81,2
"2107",34,92,3
"2108",34,111,2
"2109",34,115,2
"2110",34,36,2
"2111",34,37,1
"2112",34,38,2
"2113",34,39,2
"2114",34,40,1
"2115",34,41,1
"2116",34,44,1
"2117",34,45,2
"2118",34,48,1
"2119",34,49,2
"2120",34,51,1
"2121",34,53,2
"2122",34,54,2
"2123",34,55,2
"2124",34,56,1
"2125",34,64,1
"2126",34,65,1
"2127",34,70,2
"2128",34,72,1
"2129",34,77,1
"2130",34,78,1
"2131",34,84,1
"2132",34,85,2
"2133",34,87,2
"2134",34,88,1
"2135",34,93,1
"2136",34,95,1
"2137",34,96,3
"2138",34,97,3
"2139",34,99,2
"2140",34,102,2
"2141",34,104,1
"2142",34,109,1
"2143",34,110,1
"2144",34,114,1
"2145",34,116,1
"2146",34,60,1
"2147",34,47,2
"2148",34,59,1
"2149",34,68,1
"2150",34,105,1
"2151",34,43,1
"2152",34,98,1
"2153",34,106,1
"2154",34,112,1
"2155",35,38,1
"2156",35,39,2
"2157",35,41,2
"2158",35,44,3
"2159",35,48,3
"2160",35,52,2
"2161",35,58,2
"2162",35,63,1
"2163",35,70,2
"2164",35,71,2
"2165",35,73,2
"2166",35,75,3
"2167",35,78,2
"2168",35,79,2
"2169",35,81,1
"2170",35,87,2
"2171",35,93,3
"2172",35,109,1
"2173",35,110,2
"2174",35,111,2
"2175",35,114,2
"2176",35,115,3
"2177",35,118,1
"2178",35,42,2
"2179",35,47,2
"2180",35,65,2
"2181",35,83,2
"2182",35,85,1
"2183",35,99,1
"2184",35,104,1
"2185",35,105,1
"2186",35,45,1
"2187",35,49,1
"2188",35,53,1
"2189",35,57,1
"2190",35,67,1
"2191",35,82,1
"2192",36,37,2
"2193",36,38,2
"2194",36,39,1
"2195",36,40,1
"2196",36,41,2
"2197",36,42,2
"2198",36,44,2
"2199",36,45,2
"2200",36,48,2
"2201",36,49,2
"2202",36,51,1
"2203",36,52,1
"2204",36,53,3
"2205",36,54,2
"2206",36,55,2
"2207",36,56,2
"2208",36,57,1
"2209",36,63,1
"2210",36,64,1
"2211",36,65,1
"2212",36,69,3
"2213",36,70,3
"2214",36,71,2
"2215",36,72,2
"2216",36,73,3
"2217",36,74,2
"2218",36,75,1
"2219",36,77,1
"2220",36,78,2
"2221",36,79,1
"2222",36,80,3
"2223",36,81,1
"2224",36,83,2
"2225",36,84,1
"2226",36,85,2
"2227",36,87,2
"2228",36,88,1
"2229",36,92,2
"2230",36,93,2
"2231",36,95,1
"2232",36,96,2
"2233",36,97,3
"2234",36,99,2
"2235",36,102,2
"2236",36,104,1
"2237",36,109,1
"2238",36,110,2
"2239",36,114,2
"2240",36,115,2
"2241",36,116,1
"2242",36,47,2
"2243",36,60,1
"2244",36,67,1
"2245",36,68,1
"2246",36,82,1
"2247",36,105,1
"2248",36,107,1
"2249",36,111,1
"2250",36,43,1
"2251",36,62,1
"2252",36,98,1
"2253",36,106,1
"2254",36,112,1
"2255",37,38,1
"2256",37,39,1
"2257",37,40,1
"2258",37,41,2
"2259",37,42,2
"2260",37,44,2
"2261",37,45,2
"2262",37,48,2
"2263",37,49,2
"2264",37,51,1
"2265",37,52,1
"2266",37,53,2
"2267",37,54,1
"2268",37,55,1
"2269",37,56,2
"2270",37,57,1
"2271",37,63,1
"2272",37,64,1
"2273",37,65,1
"2274",37,69,2
"2275",37,70,2
"2276",37,71,2
"2277",37,72,2
"2278",37,73,2
"2279",37,74,2
"2280",37,75,1
"2281",37,77,1
"2282",37,78,2
"2283",37,79,1
"2284",37,80,2
"2285",37,81,1
"2286",37,83,2
"2287",37,84,1
"2288",37,85,1
"2289",37,87,2
"2290",37,88,1
"2291",37,92,1
"2292",37,93,2
"2293",37,95,1
"2294",37,96,1
"2295",37,97,2
"2296",37,99,1
"2297",37,102,2
"2298",37,104,1
"2299",37,109,1
"2300",37,110,2
"2301",37,114,2
"2302",37,115,2
"2303",37,116,1
"2304",37,47,1
"2305",37,60,1
"2306",37,67,1
"2307",37,68,1
"2308",37,82,1
"2309",37,105,1
"2310",37,107,1
"2311",37,111,1
"2312",38,39,2
"2313",38,41,2
"2314",38,44,2
"2315",38,48,2
"2316",38,52,2
"2317",38,58,1
"2318",38,63,2
"2319",38,70,3
"2320",38,71,2
"2321",38,73,3
"2322",38,75,2
"2323",38,78,2
"2324",38,79,2
"2325",38,81,2
"2326",38,87,2
"2327",38,93,2
"2328",38,109,2
"2329",38,110,2
"2330",38,111,1
"2331",38,114,2
"2332",38,115,2
"2333",38,118,1
"2334",38,40,1
"2335",38,42,1
"2336",38,45,1
"2337",38,49,1
"2338",38,51,1
"2339",38,53,2
"2340",38,54,2
"2341",38,55,2
"2342",38,56,1
"2343",38,57,1
"2344",38,64,1
"2345",38,65,1
"2346",38,69,2
"2347",38,72,1
"2348",38,74,1
"2349",38,77,1
"2350",38,80,2
"2351",38,83,1
"2352",38,84,1
"2353",38,85,2
"2354",38,88,1
"2355",38,92,2
"2356",38,95,1
"2357",38,96,2
"2358",38,97,2
"2359",38,99,2
"2360",38,102,1
"2361",38,104,1
"2362",38,116,1
"2363",38,43,1
"2364",38,47,1
"2365",38,62,1
"2366",38,98,1
"2367",38,106,1
"2368",38,112,1
"2369",39,41,3
"2370",39,44,3
"2371",39,48,3
"2372",39,52,3
"2373",39,58,2
"2374",39,63,2
"2375",39,70,2
"2376",39,71,3
"2377",39,73,4
"2378",39,75,3
"2379",39,78,3
"2380",39,79,4
"2381",39,81,2
"2382",39,87,3
"2383",39,93,3
"2384",39,109,2
"2385",39,110,3
"2386",39,111,3
"2387",39,114,3
"2388",39,115,3
"2389",39,118,1
"2390",39,40,1
"2391",39,42,3
"2392",39,45,1
"2393",39,49,2
"2394",39,51,1
"2395",39,53,1
"2396",39,54,1
"2397",39,55,1
"2398",39,56,1
"2399",39,57,1
"2400",39,64,1
"2401",39,65,2
"2402",39,69,1
"2403",39,72,1
"2404",39,74,1
"2405",39,77,1
"2406",39,80,1
"2407",39,83,2
"2408",39,84,1
"2409",39,85,2
"2410",39,88,1
"2411",39,92,1
"2412",39,95,1
"2413",39,96,2
"2414",39,97,2
"2415",39,99,2
"2416",39,102,2
"2417",39,104,2
"2418",39,116,1
"2419",39,46,1
"2420",39,47,2
"2421",39,59,1
"2422",39,68,1
"2423",39,82,1
"2424",39,105,2
"2425",40,41,1
"2426",40,42,1
"2427",40,44,1
"2428",40,45,1
"2429",40,48,1
"2430",40,49,1
"2431",40,51,1
"2432",40,52,1
"2433",40,53,1
"2434",40,54,1
"2435",40,55,1
"2436",40,56,1
"2437",40,57,1
"2438",40,63,1
"2439",40,64,1
"2440",40,65,1
"2441",40,69,1
"2442",40,70,1
"2443",40,71,1
"2444",40,72,1
"2445",40,73,1
"2446",40,74,1
"2447",40,75,1
"2448",40,77,1
"2449",40,78,1
"2450",40,79,1
"2451",40,80,1
"2452",40,81,1
"2453",40,83,1
"2454",40,84,1
"2455",40,85,1
"2456",40,87,1
"2457",40,88,1
"2458",40,92,1
"2459",40,93,1
"2460",40,95,1
"2461",40,96,1
"2462",40,97,1
"2463",40,99,1
"2464",40,102,1
"2465",40,104,1
"2466",40,109,1
"2467",40,110,1
"2468",40,114,1
"2469",40,115,1
"2470",40,116,1
"2471",41,44,4
"2472",41,48,4
"2473",41,52,3
"2474",41,58,2
"2475",41,63,2
"2476",41,70,3
"2477",41,71,5
"2478",41,73,4
"2479",41,75,3
"2480",41,78,4
"2481",41,79,3
"2482",41,81,2
"2483",41,87,3
"2484",41,93,4
"2485",41,109,2
"2486",41,110,4
"2487",41,111,3
"2488",41,114,4
"2489",41,115,5
"2490",41,118,1
"2491",41,42,3
"2492",41,45,2
"2493",41,49,2
"2494",41,51,1
"2495",41,53,2
"2496",41,54,1
"2497",41,55,1
"2498",41,56,2
"2499",41,57,1
"2500",41,64,1
"2501",41,65,3
"2502",41,69,2
"2503",41,72,2
"2504",41,74,2
"2505",41,77,1
"2506",41,80,2
"2507",41,83,3
"2508",41,84,1
"2509",41,85,2
"2510",41,88,1
"2511",41,92,1
"2512",41,95,1
"2513",41,96,1
"2514",41,97,2
"2515",41,99,2
"2516",41,102,2
"2517",41,104,2
"2518",41,116,1
"2519",41,47,2
"2520",41,60,1
"2521",41,67,1
"2522",41,68,1
"2523",41,82,1
"2524",41,105,2
"2525",41,107,1
"2526",42,44,5
"2527",42,46,5
"2528",42,47,5
"2529",42,49,5
"2530",42,60,3
"2531",42,65,5
"2532",42,67,4
"2533",42,69,4
"2534",42,70,5
"2535",42,73,5
"2536",42,76,2
"2537",42,93,6
"2538",42,96,3
"2539",42,97,5
"2540",42,100,3
"2541",42,107,2
"2542",42,111,6
"2543",42,64,2
"2544",42,81,3
"2545",42,85,3
"2546",42,90,1
"2547",42,52,3
"2548",42,57,3
"2549",42,74,3
"2550",42,79,4
"2551",42,80,3
"2552",42,92,2
"2553",42,115,5
"2554",42,45,4
"2555",42,48,4
"2556",42,51,2
"2557",42,53,3
"2558",42,54,1
"2559",42,55,1
"2560",42,56,2
"2561",42,63,2
"2562",42,71,3
"2563",42,72,2
"2564",42,75,3
"2565",42,77,1
"2566",42,78,4
"2567",42,83,5
"2568",42,84,1
"2569",42,87,4
"2570",42,88,1
"2571",42,95,1
"2572",42,99,2
"2573",42,102,4
"2574",42,104,2
"2575",42,109,1
"2576",42,110,3
"2577",42,114,4
"2578",42,116,1
"2579",42,58,2
"2580",42,59,2
"2581",42,103,1
"2582",42,68,2
"2583",42,82,3
"2584",42,105,3
"2585",43,47,1
"2586",43,53,1
"2587",43,54,1
"2588",43,55,1
"2589",43,62,1
"2590",43,69,1
"2591",43,70,1
"2592",43,73,1
"2593",43,80,1
"2594",43,85,1
"2595",43,92,1
"2596",43,96,1
"2597",43,97,1
"2598",43,98,1
"2599",43,99,1
"2600",43,106,1
"2601",43,112,1
"2602",44,46,1
"2603",44,47,5
"2604",44,49,4
"2605",44,60,2
"2606",44,65,4
"2607",44,67,3
"2608",44,69,4
"2609",44,70,5
"2610",44,73,5
"2611",44,76,1
"2612",44,93,6
"2613",44,96,2
"2614",44,97,3
"2615",44,100,1
"2616",44,107,2
"2617",44,111,4
"2618",44,48,5
"2619",44,52,3
"2620",44,58,2
"2621",44,63,3
"2622",44,71,4
"2623",44,75,4
"2624",44,78,4
"2625",44,79,3
"2626",44,81,2
"2627",44,87,4
"2628",44,109,2
"2629",44,110,6
"2630",44,114,4
"2631",44,115,5
"2632",44,118,1
"2633",44,45,3
"2634",44,51,1
"2635",44,53,4
"2636",44,54,1
"2637",44,55,1
"2638",44,56,2
"2639",44,57,2
"2640",44,64,1
"2641",44,72,2
"2642",44,74,3
"2643",44,77,1
"2644",44,80,2
"2645",44,83,4
"2646",44,84,1
"2647",44,85,2
"2648",44,88,1
"2649",44,92,1
"2650",44,95,1
"2651",44,99,2
"2652",44,102,2
"2653",44,104,2
"2654",44,116,1
"2655",44,82,3
"2656",44,94,1
"2657",44,68,1
"2658",44,105,2
"2659",45,48,3
"2660",45,49,3
"2661",45,51,1
"2662",45,52,1
"2663",45,53,3
"2664",45,54,1
"2665",45,55,1
"2666",45,56,2
"2667",45,57,2
"2668",45,63,2
"2669",45,64,1
"2670",45,65,3
"2671",45,69,2
"2672",45,70,4
"2673",45,71,2
"2674",45,72,2
"2675",45,73,3
"2676",45,74,2
"2677",45,75,2
"2678",45,77,1
"2679",45,78,3
"2680",45,79,1
"2681",45,80,2
"2682",45,81,1
"2683",45,83,3
"2684",45,84,1
"2685",45,85,1
"2686",45,87,3
"2687",45,88,1
"2688",45,92,1
"2689",45,93,4
"2690",45,95,1
"2691",45,96,1
"2692",45,97,3
"2693",45,99,1
"2694",45,102,2
"2695",45,104,1
"2696",45,109,1
"2697",45,110,2
"2698",45,114,2
"2699",45,115,3
"2700",45,116,1
"2701",45,47,2
"2702",45,60,2
"2703",45,67,2
"2704",45,68,1
"2705",45,82,2
"2706",45,105,1
"2707",45,107,1
"2708",45,111,1
"2709",45,46,1
"2710",45,76,1
"2711",45,100,1
"2712",46,47,4
"2713",46,49,2
"2714",46,60,3
"2715",46,65,2
"2716",46,67,2
"2717",46,69,3
"2718",46,70,3
"2719",46,73,4
"2720",46,76,2
"2721",46,93,2
"2722",46,96,3
"2723",46,97,3
"2724",46,100,4
"2725",46,107,3
"2726",46,111,5
"2727",46,79,5
"2728",46,81,2
"2729",46,82,3
"2730",46,85,1
"2731",46,99,2
"2732",46,62,1
"2733",46,63,2
"2734",46,71,1
"2735",46,75,1
"2736",46,83,2
"2737",46,52,2
"2738",46,57,1
"2739",46,74,2
"2740",46,80,2
"2741",46,92,1
"2742",46,115,2
"2743",46,51,1
"2744",46,58,1
"2745",46,59,2
"2746",46,102,3
"2747",46,103,1
"2748",46,114,2
"2749",46,66,1
"2750",46,86,1
"2751",46,68,1
"2752",46,87,1
"2753",46,105,1
"2754",46,78,1
"2755",47,49,4
"2756",47,60,4
"2757",47,65,3
"2758",47,67,3
"2759",47,69,6
"2760",47,70,5
"2761",47,73,6
"2762",47,76,1
"2763",47,93,4
"2764",47,96,4
"2765",47,97,4
"2766",47,100,1
"2767",47,107,5
"2768",47,111,4
"2769",47,53,4
"2770",47,63,1
"2771",47,74,3
"2772",47,82,5
"2773",47,94,1
"2774",47,110,3
"2775",47,66,1
"2776",47,79,4
"2777",47,99,4
"2778",47,48,3
"2779",47,56,1
"2780",47,68,2
"2781",47,71,2
"2782",47,72,1
"2783",47,78,2
"2784",47,80,3
"2785",47,83,3
"2786",47,87,3
"2787",47,102,3
"2788",47,105,3
"2789",47,114,3
"2790",47,115,3
"2791",47,59,1
"2792",47,52,2
"2793",47,54,1
"2794",47,55,1
"2795",47,62,1
"2796",47,85,2
"2797",47,92,1
"2798",47,98,1
"2799",47,106,1
"2800",47,112,1
"2801",47,58,1
"2802",47,75,2
"2803",47,104,1
"2804",47,57,1
"2805",48,52,3
"2806",48,58,2
"2807",48,63,2
"2808",48,70,4
"2809",48,71,4
"2810",48,73,4
"2811",48,75,4
"2812",48,78,4
"2813",48,79,3
"2814",48,81,2
"2815",48,87,4
"2816",48,93,5
"2817",48,109,2
"2818",48,110,4
"2819",48,111,3
"2820",48,114,4
"2821",48,115,5
"2822",48,118,1
"2823",48,49,3
"2824",48,51,1
"2825",48,53,3
"2826",48,54,1
"2827",48,55,1
"2828",48,56,2
"2829",48,57,2
"2830",48,64,1
"2831",48,65,3
"2832",48,69,2
"2833",48,72,2
"2834",48,74,2
"2835",48,77,1
"2836",48,80,2
"2837",48,83,4
"2838",48,84,1
"2839",48,85,2
"2840",48,88,1
"2841",48,92,1
"2842",48,95,1
"2843",48,96,1
"2844",48,97,2
"2845",48,99,2
"2846",48,102,2
"2847",48,104,2
"2848",48,116,1
"2849",48,60,1
"2850",48,67,2
"2851",48,68,1
"2852",48,82,2
"2853",48,105,2
"2854",48,107,1
"2855",49,60,2
"2856",49,65,3
"2857",49,67,3
"2858",49,69,3
"2859",49,70,4
"2860",49,73,4
"2861",49,76,1
"2862",49,93,4
"2863",49,96,3
"2864",49,97,4
"2865",49,100,1
"2866",49,107,2
"2867",49,111,3
"2868",49,51,1
"2869",49,52,1
"2870",49,53,3
"2871",49,54,1
"2872",49,55,1
"2873",49,56,2
"2874",49,57,2
"2875",49,63,1
"2876",49,64,1
"2877",49,71,2
"2878",49,72,2
"2879",49,74,2
"2880",49,75,2
"2881",49,77,1
"2882",49,78,2
"2883",49,79,2
"2884",49,80,2
"2885",49,81,1
"2886",49,83,3
"2887",49,84,1
"2888",49,85,1
"2889",49,87,4
"2890",49,88,1
"2891",49,92,1
"2892",49,95,1
"2893",49,99,1
"2894",49,102,3
"2895",49,104,1
"2896",49,109,1
"2897",49,110,2
"2898",49,114,2
"2899",49,115,3
"2900",49,116,1
"2901",49,68,2
"2902",49,82,3
"2903",49,105,2
"2904",49,59,1
"2905",50,64,1
"2906",50,86,1
"2907",50,100,1
"2908",50,101,1
"2909",50,113,1
"2910",51,52,1
"2911",51,53,1
"2912",51,54,1
"2913",51,55,1
"2914",51,56,1
"2915",51,57,1
"2916",51,63,2
"2917",51,64,1
"2918",51,65,1
"2919",51,69,1
"2920",51,70,1
"2921",51,71,1
"2922",51,72,1
"2923",51,73,1
"2924",51,74,1
"2925",51,75,1
"2926",51,77,1
"2927",51,78,1
"2928",51,79,1
"2929",51,80,1
"2930",51,81,1
"2931",51,83,2
"2932",51,84,1
"2933",51,85,1
"2934",51,87,1
"2935",51,88,1
"2936",51,92,1
"2937",51,93,1
"2938",51,95,1
"2939",51,96,1
"2940",51,97,1
"2941",51,99,1
"2942",51,102,2
"2943",51,104,1
"2944",51,109,1
"2945",51,110,1
"2946",51,114,2
"2947",51,115,1
"2948",51,116,1
"2949",51,58,1
"2950",51,59,1
"2951",51,60,1
"2952",51,67,1
"2953",51,100,1
"2954",51,103,1
"2955",51,111,1
"2956",52,57,2
"2957",52,69,2
"2958",52,74,4
"2959",52,79,7
"2960",52,80,3
"2961",52,81,3
"2962",52,92,2
"2963",52,111,3
"2964",52,115,4
"2965",52,58,2
"2966",52,63,2
"2967",52,70,2
"2968",52,71,3
"2969",52,73,4
"2970",52,75,4
"2971",52,78,3
"2972",52,87,2
"2973",52,93,3
"2974",52,109,2
"2975",52,110,3
"2976",52,114,5
"2977",52,118,1
"2978",52,53,1
"2979",52,54,1
"2980",52,55,1
"2981",52,56,1
"2982",52,64,1
"2983",52,65,2
"2984",52,72,1
"2985",52,77,1
"2986",52,83,2
"2987",52,84,2
"2988",52,85,2
"2989",52,88,1
"2990",52,95,1
"2991",52,96,2
"2992",52,97,1
"2993",52,99,3
"2994",52,102,2
"2995",52,104,2
"2996",52,116,1
"2997",52,107,2
"2998",52,105,1
"2999",52,61,1
"3000",52,82,1
"3001",53,54,2
"3002",53,55,2
"3003",53,56,2
"3004",53,57,2
"3005",53,63,2
"3006",53,64,1
"3007",53,65,2
"3008",53,69,4
"3009",53,70,4
"3010",53,71,2
"3011",53,72,2
"3012",53,73,3
"3013",53,74,3
"3014",53,75,2
"3015",53,77,1
"3016",53,78,2
"3017",53,79,1
"3018",53,80,3
"3019",53,81,1
"3020",53,83,3
"3021",53,84,1
"3022",53,85,2
"3023",53,87,3
"3024",53,88,1
"3025",53,92,2
"3026",53,93,3
"3027",53,95,1
"3028",53,96,2
"3029",53,97,3
"3030",53,99,2
"3031",53,102,2
"3032",53,104,1
"3033",53,109,1
"3034",53,110,3
"3035",53,114,2
"3036",53,115,3
"3037",53,116,1
"3038",53,82,3
"3039",53,94,1
"3040",53,60,1
"3041",53,67,2
"3042",53,68,1
"3043",53,105,1
"3044",53,107,1
"3045",53,111,1
"3046",53,62,1
"3047",53,98,1
"3048",53,106,1
"3049",53,112,1
"3050",54,55,2
"3051",54,56,1
"3052",54,57,1
"3053",54,63,1
"3054",54,64,1
"3055",54,65,1
"3056",54,69,2
"3057",54,70,2
"3058",54,71,1
"3059",54,72,1
"3060",54,73,2
"3061",54,74,1
"3062",54,75,1
"3063",54,77,1
"3064",54,78,1
"3065",54,79,1
"3066",54,80,2
"3067",54,81,1
"3068",54,83,1
"3069",54,84,1
"3070",54,85,2
"3071",54,87,1
"3072",54,88,1
"3073",54,92,2
"3074",54,93,1
"3075",54,95,1
"3076",54,96,2
"3077",54,97,2
"3078",54,99,2
"3079",54,102,1
"3080",54,104,1
"3081",54,109,1
"3082",54,110,1
"3083",54,114,1
"3084",54,115,1
"3085",54,116,1
"3086",54,62,1
"3087",54,98,1
"3088",54,106,1
"3089",54,112,1
"3090",55,56,1
"3091",55,57,1
"3092",55,63,1
"3093",55,64,1
"3094",55,65,1
"3095",55,69,2
"3096",55,70,2
"3097",55,71,1
"3098",55,72,1
"3099",55,73,2
"3100",55,74,1
"3101",55,75,1
"3102",55,77,1
"3103",55,78,1
"3104",55,79,1
"3105",55,80,2
"3106",55,81,1
"3107",55,83,1
"3108",55,84,1
"3109",55,85,2
"3110",55,87,1
"3111",55,88,1
"3112",55,92,2
"3113",55,93,1
"3114",55,95,1
"3115",55,96,2
"3116",55,97,2
"3117",55,99,2
"3118",55,102,1
"3119",55,104,1
"3120",55,109,1
"3121",55,110,1
"3122",55,114,1
"3123",55,115,1
"3124",55,116,1
"3125",55,62,1
"3126",55,98,1
"3127",55,106,1
"3128",55,112,1
"3129",56,57,1
"3130",56,63,1
"3131",56,64,1
"3132",56,65,1
"3133",56,69,2
"3134",56,70,2
"3135",56,71,2
"3136",56,72,2
"3137",56,73,2
"3138",56,74,2
"3139",56,75,1
"3140",56,77,1
"3141",56,78,2
"3142",56,79,1
"3143",56,80,2
"3144",56,81,1
"3145",56,83,2
"3146",56,84,1
"3147",56,85,1
"3148",56,87,2
"3149",56,88,1
"3150",56,92,1
"3151",56,93,2
"3152",56,95,1
"3153",56,96,1
"3154",56,97,2
"3155",56,99,1
"3156",56,102,2
"3157",56,104,1
"3158",56,109,1
"3159",56,110,2
"3160",56,114,2
"3161",56,115,2
"3162",56,116,1
"3163",56,60,1
"3164",56,67,1
"3165",56,68,1
"3166",56,82,1
"3167",56,105,1
"3168",56,107,1
"3169",56,111,1
"3170",57,69,2
"3171",57,74,2
"3172",57,79,2
"3173",57,80,2
"3174",57,81,2
"3175",57,92,2
"3176",57,111,1
"3177",57,115,3
"3178",57,63,1
"3179",57,64,1
"3180",57,65,2
"3181",57,70,2
"3182",57,71,1
"3183",57,72,1
"3184",57,73,1
"3185",57,75,2
"3186",57,77,1
"3187",57,78,1
"3188",57,83,2
"3189",57,84,1
"3190",57,85,1
"3191",57,87,2
"3192",57,88,1
"3193",57,93,2
"3194",57,95,1
"3195",57,96,1
"3196",57,97,1
"3197",57,99,1
"3198",57,102,1
"3199",57,104,1
"3200",57,109,1
"3201",57,110,1
"3202",57,114,1
"3203",57,116,1
"3204",57,67,1
"3205",57,82,1
"3206",58,63,2
"3207",58,70,1
"3208",58,71,2
"3209",58,73,2
"3210",58,75,2
"3211",58,78,2
"3212",58,79,2
"3213",58,81,1
"3214",58,87,1
"3215",58,93,2
"3216",58,109,1
"3217",58,110,2
"3218",58,111,3
"3219",58,114,3
"3220",58,115,2
"3221",58,118,1
"3222",58,59,1
"3223",58,60,1
"3224",58,67,1
"3225",58,83,2
"3226",58,100,1
"3227",58,102,1
"3228",58,103,1
"3229",58,65,1
"3230",58,85,1
"3231",58,99,1
"3232",58,104,1
"3233",58,105,1
"3234",59,60,1
"3235",59,63,1
"3236",59,67,1
"3237",59,83,1
"3238",59,100,1
"3239",59,102,2
"3240",59,103,1
"3241",59,111,2
"3242",59,114,1
"3243",59,68,1
"3244",59,73,1
"3245",59,79,1
"3246",59,82,1
"3247",59,87,1
"3248",59,96,1
"3249",59,97,1
"3250",59,105,1
"3251",60,65,1
"3252",60,67,3
"3253",60,69,3
"3254",60,70,3
"3255",60,73,3
"3256",60,76,1
"3257",60,93,2
"3258",60,96,1
"3259",60,97,2
"3260",60,100,2
"3261",60,107,4
"3262",60,111,3
"3263",60,63,2
"3264",60,83,2
"3265",60,102,2
"3266",60,103,1
"3267",60,114,2
"3268",60,66,1
"3269",60,79,1
"3270",60,99,2
"3271",60,68,1
"3272",60,71,1
"3273",60,72,1
"3274",60,74,1
"3275",60,78,1
"3276",60,80,1
"3277",60,82,1
"3278",60,87,1
"3279",60,105,1
"3280",60,110,1
"3281",60,115,1
"3282",61,74,1
"3283",61,79,1
"3284",61,82,1
"3285",61,84,1
"3286",61,107,1
"3287",62,63,1
"3288",62,71,1
"3289",62,73,2
"3290",62,75,1
"3291",62,82,1
"3292",62,83,1
"3293",62,69,1
"3294",62,70,1
"3295",62,80,1
"3296",62,85,1
"3297",62,92,1
"3298",62,96,1
"3299",62,97,1
"3300",62,98,1
"3301",62,99,1
"3302",62,106,1
"3303",62,112,1
"3304",63,71,3
"3305",63,73,4
"3306",63,75,3
"3307",63,82,2
"3308",63,83,3
"3309",63,70,2
"3310",63,78,2
"3311",63,79,2
"3312",63,81,2
"3313",63,87,2
"3314",63,93,2
"3315",63,109,2
"3316",63,110,3
"3317",63,111,2
"3318",63,114,3
"3319",63,115,2
"3320",63,118,1
"3321",63,64,1
"3322",63,65,1
"3323",63,69,2
"3324",63,72,1
"3325",63,74,2
"3326",63,77,1
"3327",63,80,1
"3328",63,84,1
"3329",63,85,1
"3330",63,88,1
"3331",63,92,1
"3332",63,95,1
"3333",63,96,1
"3334",63,97,1
"3335",63,99,1
"3336",63,102,2
"3337",63,104,1
"3338",63,116,1
"3339",63,94,1
"3340",63,67,1
"3341",63,100,1
"3342",63,103,1
"3343",64,81,2
"3344",64,85,3
"3345",64,90,1
"3346",64,65,1
"3347",64,69,1
"3348",64,70,1
"3349",64,71,1
"3350",64,72,1
"3351",64,73,1
"3352",64,74,1
"3353",64,75,2
"3354",64,77,1
"3355",64,78,1
"3356",64,79,2
"3357",64,80,1
"3358",64,83,1
"3359",64,84,1
"3360",64,87,1
"3361",64,88,1
"3362",64,92,1
"3363",64,93,1
"3364",64,95,1
"3365",64,96,1
"3366",64,97,1
"3367",64,99,1
"3368",64,102,1
"3369",64,104,1
"3370",64,109,1
"3371",64,110,1
"3372",64,114,1
"3373",64,115,1
"3374",64,116,1
"3375",64,86,1
"3376",64,100,1
"3377",64,101,1
"3378",64,113,1
"3379",65,67,2
"3380",65,69,2
"3381",65,70,4
"3382",65,73,3
"3383",65,76,2
"3384",65,93,5
"3385",65,96,2
"3386",65,97,3
"3387",65,100,2
"3388",65,107,1
"3389",65,111,2
"3390",65,71,3
"3391",65,72,1
"3392",65,74,1
"3393",65,75,3
"3394",65,77,1
"3395",65,78,3
"3396",65,79,2
"3397",65,80,1
"3398",65,81,1
"3399",65,83,3
"3400",65,84,1
"3401",65,85,2
"3402",65,87,2
"3403",65,88,1
"3404",65,92,1
"3405",65,95,1
"3406",65,99,2
"3407",65,102,1
"3408",65,104,2
"3409",65,109,1
"3410",65,110,2
"3411",65,114,2
"3412",65,115,4
"3413",65,116,1
"3414",65,105,1
"3415",65,82,1
"3416",66,69,1
"3417",66,70,1
"3418",66,79,1
"3419",66,99,1
"3420",66,107,1
"3421",67,69,2
"3422",67,70,3
"3423",67,73,2
"3424",67,76,1
"3425",67,93,3
"3426",67,96,1
"3427",67,97,2
"3428",67,100,2
"3429",67,107,2
"3430",67,111,3
"3431",67,83,3
"3432",67,102,2
"3433",67,103,1
"3434",67,114,2
"3435",67,68,1
"3436",67,71,1
"3437",67,72,1
"3438",67,74,1
"3439",67,78,1
"3440",67,80,1
"3441",67,82,2
"3442",67,87,2
"3443",67,105,1
"3444",67,110,1
"3445",67,115,2
"3446",67,75,1
"3447",68,69,1
"3448",68,70,1
"3449",68,71,1
"3450",68,72,1
"3451",68,73,2
"3452",68,74,1
"3453",68,78,1
"3454",68,80,1
"3455",68,82,2
"3456",68,83,1
"3457",68,87,2
"3458",68,93,1
"3459",68,97,2
"3460",68,102,2
"3461",68,105,2
"3462",68,107,1
"3463",68,110,1
"3464",68,111,2
"3465",68,114,1
"3466",68,115,1
"3467",68,79,1
"3468",68,96,1
"3469",69,70,5
"3470",69,73,4
"3471",69,76,1
"3472",69,93,3
"3473",69,96,3
"3474",69,97,4
"3475",69,100,1
"3476",69,107,3
"3477",69,111,3
"3478",69,74,4
"3479",69,79,3
"3480",69,80,4
"3481",69,81,2
"3482",69,92,3
"3483",69,115,3
"3484",69,71,2
"3485",69,72,2
"3486",69,75,1
"3487",69,77,1
"3488",69,78,2
"3489",69,83,2
"3490",69,84,1
"3491",69,85,2
"3492",69,87,2
"3493",69,88,1
"3494",69,95,1
"3495",69,99,3
"3496",69,102,2
"3497",69,104,1
"3498",69,109,1
"3499",69,110,3
"3500",69,114,2
"3501",69,116,1
"3502",69,82,3
"3503",69,94,1
"3504",69,105,1
"3505",69,98,1
"3506",69,106,1
"3507",69,112,1
"3508",70,73,5
"3509",70,76,2
"3510",70,93,6
"3511",70,96,3
"3512",70,97,5
"3513",70,100,2
"3514",70,107,3
"3515",70,111,3
"3516",70,71,3
"3517",70,75,3
"3518",70,78,4
"3519",70,79,3
"3520",70,81,2
"3521",70,87,4
"3522",70,109,2
"3523",70,110,3
"3524",70,114,3
"3525",70,115,4
"3526",70,118,1
"3527",70,72,2
"3528",70,74,2
"3529",70,77,1
"3530",70,80,3
"3531",70,83,3
"3532",70,84,1
"3533",70,85,2
"3534",70,88,1
"3535",70,92,2
"3536",70,95,1
"3537",70,99,3
"3538",70,102,2
"3539",70,104,1
"3540",70,116,1
"3541",70,82,2
"3542",70,105,1
"3543",70,98,1
"3544",70,106,1
"3545",70,112,1
"3546",71,73,5
"3547",71,75,4
"3548",71,82,3
"3549",71,83,4
"3550",71,78,4
"3551",71,79,3
"3552",71,81,2
"3553",71,87,3
"3554",71,93,4
"3555",71,109,2
"3556",71,110,4
"3557",71,111,3
"3558",71,114,4
"3559",71,115,5
"3560",71,118,1
"3561",71,72,2
"3562",71,74,2
"3563",71,77,1
"3564",71,80,2
"3565",71,84,1
"3566",71,85,2
"3567",71,88,1
"3568",71,92,1
"3569",71,95,1
"3570",71,96,1
"3571",71,97,2
"3572",71,99,2
"3573",71,102,2
"3574",71,104,2
"3575",71,116,1
"3576",71,105,2
"3577",71,107,1
"3578",72,73,2
"3579",72,74,2
"3580",72,75,1
"3581",72,77,1
"3582",72,78,2
"3583",72,79,1
"3584",72,80,2
"3585",72,81,1
"3586",72,83,2
"3587",72,84,1
"3588",72,85,1
"3589",72,87,2
"3590",72,88,1
"3591",72,92,1
"3592",72,93,2
"3593",72,95,1
"3594",72,96,1
"3595",72,97,2
"3596",72,99,1
"3597",72,102,2
"3598",72,104,1
"3599",72,109,1
"3600",72,110,2
"3601",72,114,2
"3602",72,115,2
"3603",72,116,1
"3604",72,82,1
"3605",72,105,1
"3606",72,107,1
"3607",72,111,1
"3608",73,76,1
"3609",73,93,5
"3610",73,96,5
"3611",73,97,5
"3612",73,100,1
"3613",73,107,3
"3614",73,111,5
"3615",73,75,4
"3616",73,82,3
"3617",73,83,4
"3618",73,78,4
"3619",73,79,5
"3620",73,81,2
"3621",73,87,4
"3622",73,109,2
"3623",73,110,4
"3624",73,114,5
"3625",73,115,4
"3626",73,118,1
"3627",73,74,3
"3628",73,77,1
"3629",73,80,4
"3630",73,84,1
"3631",73,85,3
"3632",73,88,1
"3633",73,92,2
"3634",73,95,1
"3635",73,99,3
"3636",73,102,4
"3637",73,104,2
"3638",73,116,1
"3639",73,105,3
"3640",73,98,1
"3641",73,106,1
"3642",73,112,1
"3643",74,79,4
"3644",74,80,4
"3645",74,81,2
"3646",74,92,2
"3647",74,111,2
"3648",74,115,3
"3649",74,75,1
"3650",74,77,1
"3651",74,78,2
"3652",74,83,2
"3653",74,84,2
"3654",74,85,1
"3655",74,87,2
"3656",74,88,1
"3657",74,93,2
"3658",74,95,1
"3659",74,96,2
"3660",74,97,2
"3661",74,99,1
"3662",74,102,3
"3663",74,104,1
"3664",74,109,1
"3665",74,110,3
"3666",74,114,3
"3667",74,116,1
"3668",74,82,3
"3669",74,94,1
"3670",74,105,1
"3671",74,107,3
"3672",75,82,2
"3673",75,83,4
"3674",75,78,3
"3675",75,79,5
"3676",75,81,2
"3677",75,87,3
"3678",75,93,4
"3679",75,109,2
"3680",75,110,3
"3681",75,111,2
"3682",75,114,4
"3683",75,115,4
"3684",75,118,1
"3685",75,77,1
"3686",75,80,1
"3687",75,84,1
"3688",75,85,3
"3689",75,88,1
"3690",75,92,1
"3691",75,95,1
"3692",75,96,1
"3693",75,97,1
"3694",75,99,3
"3695",75,102,1
"3696",75,104,2
"3697",75,116,1
"3698",75,105,1
"3699",76,93,2
"3700",76,96,1
"3701",76,97,3
"3702",76,100,2
"3703",76,107,1
"3704",76,111,1
"3705",76,86,2
"3706",76,89,2
"3707",76,91,2
"3708",76,99,1
"3709",76,101,2
"3710",76,108,2
"3711",76,113,1
"3712",76,117,1
"3713",76,78,1
"3714",77,78,1
"3715",77,79,1
"3716",77,80,1
"3717",77,81,1
"3718",77,83,1
"3719",77,84,1
"3720",77,85,1
"3721",77,87,1
"3722",77,88,1
"3723",77,92,1
"3724",77,93,1
"3725",77,95,1
"3726",77,96,1
"3727",77,97,1
"3728",77,99,1
"3729",77,102,1
"3730",77,104,1
"3731",77,109,1
"3732",77,110,1
"3733",77,114,1
"3734",77,115,1
"3735",77,116,1
"3736",78,79,3
"3737",78,81,2
"3738",78,87,3
"3739",78,93,5
"3740",78,109,2
"3741",78,110,4
"3742",78,111,3
"3743",78,114,4
"3744",78,115,4
"3745",78,118,1
"3746",78,80,2
"3747",78,83,3
"3748",78,84,1
"3749",78,85,2
"3750",78,88,1
"3751",78,92,1
"3752",78,95,1
"3753",78,96,1
"3754",78,97,3
"3755",78,99,2
"3756",78,102,2
"3757",78,104,2
"3758",78,116,1
"3759",78,82,1
"3760",78,105,2
"3761",78,107,1
"3762",78,100,1
"3763",79,81,4
"3764",79,82,4
"3765",79,85,4
"3766",79,99,6
"3767",79,111,5
"3768",79,80,3
"3769",79,92,2
"3770",79,115,4
"3771",79,87,3
"3772",79,93,3
"3773",79,109,2
"3774",79,110,3
"3775",79,114,5
"3776",79,118,1
"3777",79,83,2
"3778",79,84,2
"3779",79,88,1
"3780",79,95,1
"3781",79,96,3
"3782",79,97,2
"3783",79,102,3
"3784",79,104,2
"3785",79,116,1
"3786",79,107,3
"3787",79,105,2
"3788",80,81,2
"3789",80,92,3
"3790",80,111,2
"3791",80,115,3
"3792",80,83,2
"3793",80,84,1
"3794",80,85,2
"3795",80,87,2
"3796",80,88,1
"3797",80,93,2
"3798",80,95,1
"3799",80,96,3
"3800",80,97,3
"3801",80,99,2
"3802",80,102,3
"3803",80,104,1
"3804",80,109,1
"3805",80,110,2
"3806",80,114,3
"3807",80,116,1
"3808",80,82,1
"3809",80,105,1
"3810",80,107,2
"3811",80,98,1
"3812",80,106,1
"3813",80,112,1
"3814",81,82,1
"3815",81,85,3
"3816",81,99,2
"3817",81,111,3
"3818",81,90,1
"3819",81,92,2
"3820",81,115,3
"3821",81,87,2
"3822",81,93,2
"3823",81,109,2
"3824",81,110,2
"3825",81,114,2
"3826",81,118,1
"3827",81,83,1
"3828",81,84,1
"3829",81,88,1
"3830",81,95,1
"3831",81,96,1
"3832",81,97,1
"3833",81,102,1
"3834",81,104,1
"3835",81,116,1
"3836",82,85,1
"3837",82,99,2
"3838",82,111,3
"3839",82,83,3
"3840",82,94,1
"3841",82,110,2
"3842",82,87,3
"3843",82,93,2
"3844",82,97,2
"3845",82,102,2
"3846",82,105,2
"3847",82,107,2
"3848",82,114,1
"3849",82,115,2
"3850",82,96,1
"3851",82,84,1
"3852",83,84,1
"3853",83,85,2
"3854",83,87,3
"3855",83,88,1
"3856",83,92,1
"3857",83,93,4
"3858",83,95,1
"3859",83,96,1
"3860",83,97,2
"3861",83,99,2
"3862",83,102,3
"3863",83,104,2
"3864",83,109,1
"3865",83,110,3
"3866",83,114,4
"3867",83,115,4
"3868",83,116,1
"3869",83,100,1
"3870",83,103,1
"3871",83,111,3
"3872",83,105,2
"3873",83,107,1
"3874",84,85,1
"3875",84,87,1
"3876",84,88,1
"3877",84,92,1
"3878",84,93,1
"3879",84,95,1
"3880",84,96,1
"3881",84,97,1
"3882",84,99,1
"3883",84,102,1
"3884",84,104,1
"3885",84,109,1
"3886",84,110,1
"3887",84,114,1
"3888",84,115,1
"3889",84,116,1
"3890",84,107,1
"3891",85,99,4
"3892",85,111,2
"3893",85,90,1
"3894",85,87,1
"3895",85,88,1
"3896",85,92,2
"3897",85,93,2
"3898",85,95,1
"3899",85,96,2
"3900",85,97,2
"3901",85,102,1
"3902",85,104,2
"3903",85,109,1
"3904",85,110,2
"3905",85,114,2
"3906",85,115,2
"3907",85,116,1
"3908",85,98,1
"3909",85,106,1
"3910",85,112,1
"3911",85,105,1
"3912",86,100,2
"3913",86,115,1
"3914",86,89,2
"3915",86,91,2
"3916",86,99,1
"3917",86,101,3
"3918",86,108,2
"3919",86,113,2
"3920",86,117,1
"3921",86,97,1
"3922",87,93,4
"3923",87,109,2
"3924",87,110,3
"3925",87,111,3
"3926",87,114,3
"3927",87,115,4
"3928",87,118,1
"3929",87,88,1
"3930",87,92,1
"3931",87,95,1
"3932",87,96,2
"3933",87,97,3
"3934",87,99,1
"3935",87,102,3
"3936",87,104,1
"3937",87,116,1
"3938",87,105,2
"3939",87,107,1
"3940",88,92,1
"3941",88,93,1
"3942",88,95,1
"3943",88,96,1
"3944",88,97,1
"3945",88,99,1
"3946",88,102,1
"3947",88,104,1
"3948",88,109,1
"3949",88,110,1
"3950",88,114,1
"3951",88,115,1
"3952",88,116,1
"3953",89,91,2
"3954",89,99,1
"3955",89,101,2
"3956",89,108,2
"3957",89,113,1
"3958",89,117,1
"3959",89,97,1
"3960",91,99,1
"3961",91,101,2
"3962",91,108,2
"3963",91,113,1
"3964",91,117,1
"3965",91,97,1
"3966",92,111,1
"3967",92,115,2
"3968",92,93,1
"3969",92,95,1
"3970",92,96,2
"3971",92,97,2
"3972",92,99,2
"3973",92,102,1
"3974",92,104,1
"3975",92,109,1
"3976",92,110,1
"3977",92,114,1
"3978",92,116,1
"3979",92,98,1
"3980",92,106,1
"3981",92,112,1
"3982",93,96,2
"3983",93,97,4
"3984",93,100,2
"3985",93,107,2
"3986",93,111,4
"3987",93,109,2
"3988",93,110,4
"3989",93,114,4
"3990",93,115,5
"3991",93,118,1
"3992",93,95,1
"3993",93,99,2
"3994",93,102,2
"3995",93,104,2
"3996",93,116,1
"3997",93,105,2
"3998",94,110,1
"3999",95,96,1
"4000",95,97,1
"4001",95,99,1
"4002",95,102,1
"4003",95,104,1
"4004",95,109,1
"4005",95,110,1
"4006",95,114,1
"4007",95,115,1
"4008",95,116,1
"4009",96,97,4
"4010",96,100,1
"4011",96,107,2
"4012",96,111,2
"4013",96,99,2
"4014",96,102,3
"4015",96,104,1
"4016",96,109,1
"4017",96,110,1
"4018",96,114,2
"4019",96,115,1
"4020",96,116,1
"4021",96,105,1
"4022",96,98,1
"4023",96,106,1
"4024",96,112,1
"4025",97,100,2
"4026",97,107,2
"4027",97,111,3
"4028",97,99,2
"4029",97,102,3
"4030",97,104,1
"4031",97,109,1
"4032",97,110,2
"4033",97,114,2
"4034",97,115,2
"4035",97,116,1
"4036",97,105,2
"4037",97,101,1
"4038",97,108,1
"4039",97,98,1
"4040",97,106,1
"4041",97,112,1
"4042",98,99,1
"4043",98,106,1
"4044",98,112,1
"4045",99,111,2
"4046",99,102,1
"4047",99,104,2
"4048",99,109,1
"4049",99,110,2
"4050",99,114,3
"4051",99,115,2
"4052",99,116,1
"4053",99,107,2
"4054",99,101,1
"4055",99,108,1
"4056",99,113,1
"4057",99,117,1
"4058",99,106,1
"4059",99,112,1
"4060",99,105,1
"4061",100,107,1
"4062",100,111,2
"4063",100,102,1
"4064",100,103,1
"4065",100,114,1
"4066",100,115,1
"4067",100,101,1
"4068",100,113,1
"4069",101,108,2
"4070",101,113,2
"4071",101,117,1
"4072",102,104,1
"4073",102,109,1
"4074",102,110,2
"4075",102,114,4
"4076",102,115,2
"4077",102,116,1
"4078",102,103,1
"4079",102,111,3
"4080",102,105,2
"4081",102,107,2
"4082",103,111,1
"4083",103,114,1
"4084",104,109,1
"4085",104,110,2
"4086",104,114,2
"4087",104,115,2
"4088",104,116,1
"4089",104,105,1
"4090",104,111,1
"4091",105,107,1
"4092",105,110,2
"4093",105,111,3
"4094",105,114,2
"4095",105,115,2
"4096",106,112,1
"4097",107,111,2
"4098",107,110,1
"4099",107,114,2
"4100",107,115,1
"4101",108,113,1
"4102",108,117,1
"4103",109,110,2
"4104",109,111,1
"4105",109,114,2
"4106",109,115,2
"4107",109,118,1
"4108",109,116,1
"4109",110,111,3
"4110",110,114,4
"4111",110,115,4
"4112",110,118,1
"4113",110,116,1
"4114",111,115,4
"4115",111,114,4
"4116",111,118,1
"4117",113,117,1
"4118",114,115,4
"4119",114,118,1
"4120",114,116,1
"4121",115,118,1
"4122",115,116,1
